-4802.1,97.0,96.0,95.0,94.0,93.0,92.0,91.0,90.0,89.0,88.0,87.0,86.0,85.0,84.0,83.0,82.0,81.0,80.0,79.0,78.0,77.0,76.0,75.0,74.0,73.0,72.0,71.0,70.0,69.0,68.0,67.0,66.0,65.0,64.0,63.0,62.0,61.0,60.0,59.0,58.0,57.0,56.0,55.0,54.0,53.0,52.0,51.0,50.0,49.0,49.0,48.0,47.0,46.0,45.0,44.0,43.0,42.0,41.0,40.0,39.0,38.0,37.0,36.0,35.0,34.0,33.0,32.0,31.0,30.0,29.0,28.0,27.0,26.0,25.0,24.0,23.0,22.0,21.0,20.0,19.0,18.0,17.0,16.0,15.0,14.0,13.0,12.0,11.0,10.0,9.0,8.0,7.0,6.0,5.0,4.0,3.0,2.0,1.0,0.0
97.0,-4898.1,96.0,96.0,95.0,94.0,93.0,92.0,91.0,90.0,89.0,88.0,87.0,86.0,85.0,84.0,83.0,82.0,81.0,80.0,79.0,78.0,77.0,76.0,75.0,74.0,73.0,72.0,71.0,70.0,69.0,68.0,67.0,66.0,65.0,64.0,63.0,62.0,61.0,60.0,59.0,58.0,57.0,56.0,55.0,54.0,53.0,52.0,51.0,50.0,49.0,49.0,48.0,47.0,46.0,45.0,44.0,43.0,42.0,41.0,40.0,39.0,38.0,37.0,36.0,35.0,34.0,33.0,32.0,31.0,30.0,29.0,28.0,27.0,26.0,25.0,24.0,23.0,22.0,21.0,20.0,19.0,18.0,17.0,16.0,15.0,14.0,13.0,12.0,11.0,10.0,9.0,8.0,7.0,6.0,5.0,4.0,3.0,2.0,1.0
96.0,96.0,-4992.1,96.0,95.0,95.0,94.0,93.0,92.0,91.0,90.0,89.0,88.0,87.0,86.0,85.0,84.0,83.0,82.0,81.0,80.0,79.0,78.0,77.0,76.0,75.0,74.0,73.0,72.0,71.0,70.0,69.0,68.0,67.0,66.0,65.0,64.0,63.0,62.0,61.0,60.0,59.0,58.0,57.0,56.0,55.0,54.0,53.0,52.0,51.0,50.0,50.0,49.0,48.0,47.0,46.0,45.0,44.0,43.0,42.0,41.0,40.0,39.0,38.0,37.0,36.0,35.0,34.0,33.0,32.0,31.0,30.0,29.0,28.0,27.0,26.0,25.0,24.0,23.0,22.0,21.0,20.0,19.0,18.0,17.0,16.0,15.0,14.0,13.0,12.0,11.0,10.0,9.0,8.0,7.0,6.0,5.0,4.0,3.0,2.0
95.0,96.0,96.0,-5084.1,96.0,95.0,94.0,94.0,93.0,92.0,91.0,90.0,89.0,88.0,87.0,86.0,85.0,84.0,83.0,82.0,81.0,80.0,79.0,78.0,77.0,76.0,75.0,74.0,73.0,72.0,71.0,70.0,69.0,68.0,67.0,66.0,65.0,64.0,63.0,62.0,61.0,60.0,59.0,58.0,57.0,56.0,55.0,54.0,53.0,52.0,51.0,50.0,50.0,49.0,48.0,47.0,46.0,45.0,44.0,43.0,42.0,41.0,40.0,39.0,38.0,37.0,36.0,35.0,34.0,33.0,32.0,31.0,30.0,29.0,28.0,27.0,26.0,25.0,24.0,23.0,22.0,21.0,20.0,19.0,18.0,17.0,16.0,15.0,14.0,13.0,12.0,11.0,10.0,9.0,8.0,7.0,6.0,5.0,4.0,3.0
94.0,95.0,95.0,96.0,-5174.1,96.0,95.0,94.0,93.0,93.0,92.0,91.0,90.0,89.0,88.0,87.0,86.0,85.0,84.0,83.0,82.0,81.0,80.0,79.0,78.0,77.0,76.0,75.0,74.0,73.0,72.0,71.0,70.0,69.0,68.0,67.0,66.0,65.0,64.0,63.0,62.0,61.0,60.0,59.0,58.0,57.0,56.0,55.0,54.0,53.0,52.0,51.0,51.0,50.0,49.0,48.0,47.0,46.0,45.0,44.0,43.0,42.0,41.0,40.0,39.0,38.0,37.0,36.0,35.0,34.0,33.0,32.0,31.0,30.0,29.0,28.0,27.0,26.0,25.0,24.0,23.0,22.0,21.0,20.0,19.0,18.0,17.0,16.0,15.0,14.0,13.0,12.0,11.0,10.0,9.0,8.0,7.0,6.0,5.0,4.0
93.0,94.0,95.0,95.0,96.0,-5262.1,96.0,95.0,94.0,93.0,92.0,92.0,91.0,90.0,89.0,88.0,87.0,86.0,85.0,84.0,83.0,82.0,81.0,80.0,79.0,78.0,77.0,76.0,75.0,74.0,73.0,72.0,71.0,70.0,69.0,68.0,67.0,66.0,65.0,64.0,63.0,62.0,61.0,60.0,59.0,58.0,57.0,56.0,55.0,54.0,53.0,52.0,51.0,51.0,50.0,49.0,48.0,47.0,46.0,45.0,44.0,43.0,42.0,41.0,40.0,39.0,38.0,37.0,36.0,35.0,34.0,33.0,32.0,31.0,30.0,29.0,28.0,27.0,26.0,25.0,24.0,23.0,22.0,21.0,20.0,19.0,18.0,17.0,16.0,15.0,14.0,13.0,12.0,11.0,10.0,9.0,8.0,7.0,6.0,5.0
92.0,93.0,94.0,94.0,95.0,96.0,-5348.1,96.0,95.0,94.0,93.0,92.0,91.0,91.0,90.0,89.0,88.0,87.0,86.0,85.0,84.0,83.0,82.0,81.0,80.0,79.0,78.0,77.0,76.0,75.0,74.0,73.0,72.0,71.0,70.0,69.0,68.0,67.0,66.0,65.0,64.0,63.0,62.0,61.0,60.0,59.0,58.0,57.0,56.0,55.0,54.0,53.0,52.0,52.0,51.0,50.0,49.0,48.0,47.0,46.0,45.0,44.0,43.0,42.0,41.0,40.0,39.0,38.0,37.0,36.0,35.0,34.0,33.0,32.0,31.0,30.0,29.0,28.0,27.0,26.0,25.0,24.0,23.0,22.0,21.0,20.0,19.0,18.0,17.0,16.0,15.0,14.0,13.0,12.0,11.0,10.0,9.0,8.0,7.0,6.0
91.0,92.0,93.0,94.0,94.0,95.0,96.0,-5432.1,96.0,95.0,94.0,93.0,92.0,91.0,90.0,90.0,89.0,88.0,87.0,86.0,85.0,84.0,83.0,82.0,81.0,80.0,79.0,78.0,77.0,76.0,75.0,74.0,73.0,72.0,71.0,70.0,69.0,68.0,67.0,66.0,65.0,64.0,63.0,62.0,61.0,60.0,59.0,58.0,57.0,56.0,55.0,54.0,53.0,52.0,52.0,51.0,50.0,49.0,48.0,47.0,46.0,45.0,44.0,43.0,42.0,41.0,40.0,39.0,38.0,37.0,36.0,35.0,34.0,33.0,32.0,31.0,30.0,29.0,28.0,27.0,26.0,25.0,24.0,23.0,22.0,21.0,20.0,19.0,18.0,17.0,16.0,15.0,14.0,13.0,12.0,11.0,10.0,9.0,8.0,7.0
90.0,91.0,92.0,93.0,93.0,94.0,95.0,96.0,-5514.1,96.0,95.0,94.0,93.0,92.0,91.0,90.0,89.0,89.0,88.0,87.0,86.0,85.0,84.0,83.0,82.0,81.0,80.0,79.0,78.0,77.0,76.0,75.0,74.0,73.0,72.0,71.0,70.0,69.0,68.0,67.0,66.0,65.0,64.0,63.0,62.0,61.0,60.0,59.0,58.0,57.0,56.0,55.0,54.0,53.0,53.0,52.0,51.0,50.0,49.0,48.0,47.0,46.0,45.0,44.0,43.0,42.0,41.0,40.0,39.0,38.0,37.0,36.0,35.0,34.0,33.0,32.0,31.0,30.0,29.0,28.0,27.0,26.0,25.0,24.0,23.0,22.0,21.0,20.0,19.0,18.0,17.0,16.0,15.0,14.0,13.0,12.0,11.0,10.0,9.0,8.0
89.0,90.0,91.0,92.0,93.0,93.0,94.0,95.0,96.0,-5594.1,96.0,95.0,94.0,93.0,92.0,91.0,90.0,89.0,88.0,88.0,87.0,86.0,85.0,84.0,83.0,82.0,81.0,80.0,79.0,78.0,77.0,76.0,75.0,74.0,73.0,72.0,71.0,70.0,69.0,68.0,67.0,66.0,65.0,64.0,63.0,62.0,61.0,60.0,59.0,58.0,57.0,56.0,55.0,54.0,53.0,53.0,52.0,51.0,50.0,49.0,48.0,47.0,46.0,45.0,44.0,43.0,42.0,41.0,40.0,39.0,38.0,37.0,36.0,35.0,34.0,33.0,32.0,31.0,30.0,29.0,28.0,27.0,26.0,25.0,24.0,23.0,22.0,21.0,20.0,19.0,18.0,17.0,16.0,15.0,14.0,13.0,12.0,11.0,10.0,9.0
88.0,89.0,90.0,91.0,92.0,92.0,93.0,94.0,95.0,96.0,-5672.1,96.0,95.0,94.0,93.0,92.0,91.0,90.0,89.0,88.0,87.0,87.0,86.0,85.0,84.0,83.0,82.0,81.0,80.0,79.0,78.0,77.0,76.0,75.0,74.0,73.0,72.0,71.0,70.0,69.0,68.0,67.0,66.0,65.0,64.0,63.0,62.0,61.0,60.0,59.0,58.0,57.0,56.0,55.0,54.0,54.0,53.0,52.0,51.0,50.0,49.0,48.0,47.0,46.0,45.0,44.0,43.0,42.0,41.0,40.0,39.0,38.0,37.0,36.0,35.0,34.0,33.0,32.0,31.0,30.0,29.0,28.0,27.0,26.0,25.0,24.0,23.0,22.0,21.0,20.0,19.0,18.0,17.0,16.0,15.0,14.0,13.0,12.0,11.0,10.0
87.0,88.0,89.0,90.0,91.0,92.0,92.0,93.0,94.0,95.0,96.0,-5748.1,96.0,95.0,94.0,93.0,92.0,91.0,90.0,89.0,88.0,87.0,86.0,86.0,85.0,84.0,83.0,82.0,81.0,80.0,79.0,78.0,77.0,76.0,75.0,74.0,73.0,72.0,71.0,70.0,69.0,68.0,67.0,66.0,65.0,64.0,63.0,62.0,61.0,60.0,59.0,58.0,57.0,56.0,55.0,54.0,54.0,53.0,52.0,51.0,50.0,49.0,48.0,47.0,46.0,45.0,44.0,43.0,42.0,41.0,40.0,39.0,38.0,37.0,36.0,35.0,34.0,33.0,32.0,31.0,30.0,29.0,28.0,27.0,26.0,25.0,24.0,23.0,22.0,21.0,20.0,19.0,18.0,17.0,16.0,15.0,14.0,13.0,12.0,11.0
86.0,87.0,88.0,89.0,90.0,91.0,91.0,92.0,93.0,94.0,95.0,96.0,-5822.1,96.0,95.0,94.0,93.0,92.0,91.0,90.0,89.0,88.0,87.0,86.0,85.0,85.0,84.0,83.0,82.0,81.0,80.0,79.0,78.0,77.0,76.0,75.0,74.0,73.0,72.0,71.0,70.0,69.0,68.0,67.0,66.0,65.0,64.0,63.0,62.0,61.0,60.0,59.0,58.0,57.0,56.0,55.0,55.0,54.0,53.0,52.0,51.0,50.0,49.0,48.0,47.0,46.0,45.0,44.0,43.0,42.0,41.0,40.0,39.0,38.0,37.0,36.0,35.0,34.0,33.0,32.0,31.0,30.0,29.0,28.0,27.0,26.0,25.0,24.0,23.0,22.0,21.0,20.0,19.0,18.0,17.0,16.0,15.0,14.0,13.0,12.0
85.0,86.0,87.0,88.0,89.0,90.0,91.0,91.0,92.0,93.0,94.0,95.0,96.0,-5894.1,96.0,95.0,94.0,93.0,92.0,91.0,90.0,89.0,88.0,87.0,86.0,85.0,84.0,84.0,83.0,82.0,81.0,80.0,79.0,78.0,77.0,76.0,75.0,74.0,73.0,72.0,71.0,70.0,69.0,68.0,67.0,66.0,65.0,64.0,63.0,62.0,61.0,60.0,59.0,58.0,57.0,56.0,55.0,55.0,54.0,53.0,52.0,51.0,50.0,49.0,48.0,47.0,46.0,45.0,44.0,43.0,42.0,41.0,40.0,39.0,38.0,37.0,36.0,35.0,34.0,33.0,32.0,31.0,30.0,29.0,28.0,27.0,26.0,25.0,24.0,23.0,22.0,21.0,20.0,19.0,18.0,17.0,16.0,15.0,14.0,13.0
84.0,85.0,86.0,87.0,88.0,89.0,90.0,90.0,91.0,92.0,93.0,94.0,95.0,96.0,-5964.1,96.0,95.0,94.0,93.0,92.0,91.0,90.0,89.0,88.0,87.0,86.0,85.0,84.0,83.0,83.0,82.0,81.0,80.0,79.0,78.0,77.0,76.0,75.0,74.0,73.0,72.0,71.0,70.0,69.0,68.0,67.0,66.0,65.0,64.0,63.0,62.0,61.0,60.0,59.0,58.0,57.0,56.0,56.0,55.0,54.0,53.0,52.0,51.0,50.0,49.0,48.0,47.0,46.0,45.0,44.0,43.0,42.0,41.0,40.0,39.0,38.0,37.0,36.0,35.0,34.0,33.0,32.0,31.0,30.0,29.0,28.0,27.0,26.0,25.0,24.0,23.0,22.0,21.0,20.0,19.0,18.0,17.0,16.0,15.0,14.0
83.0,84.0,85.0,86.0,87.0,88.0,89.0,90.0,90.0,91.0,92.0,93.0,94.0,95.0,96.0,-6032.1,96.0,95.0,94.0,93.0,92.0,91.0,90.0,89.0,88.0,87.0,86.0,85.0,84.0,83.0,82.0,82.0,81.0,80.0,79.0,78.0,77.0,76.0,75.0,74.0,73.0,72.0,71.0,70.0,69.0,68.0,67.0,66.0,65.0,64.0,63.0,62.0,61.0,60.0,59.0,58.0,57.0,56.0,56.0,55.0,54.0,53.0,52.0,51.0,50.0,49.0,48.0,47.0,46.0,45.0,44.0,43.0,42.0,41.0,40.0,39.0,38.0,37.0,36.0,35.0,34.0,33.0,32.0,31.0,30.0,29.0,28.0,27.0,26.0,25.0,24.0,23.0,22.0,21.0,20.0,19.0,18.0,17.0,16.0,15.0
82.0,83.0,84.0,85.0,86.0,87.0,88.0,89.0,89.0,90.0,91.0,92.0,93.0,94.0,95.0,96.0,-6098.1,96.0,95.0,94.0,93.0,92.0,91.0,90.0,89.0,88.0,87.0,86.0,85.0,84.0,83.0,82.0,81.0,81.0,80.0,79.0,78.0,77.0,76.0,75.0,74.0,73.0,72.0,71.0,70.0,69.0,68.0,67.0,66.0,65.0,64.0,63.0,62.0,61.0,60.0,59.0,58.0,57.0,57.0,56.0,55.0,54.0,53.0,52.0,51.0,50.0,49.0,48.0,47.0,46.0,45.0,44.0,43.0,42.0,41.0,40.0,39.0,38.0,37.0,36.0,35.0,34.0,33.0,32.0,31.0,30.0,29.0,28.0,27.0,26.0,25.0,24.0,23.0,22.0,21.0,20.0,19.0,18.0,17.0,16.0
81.0,82.0,83.0,84.0,85.0,86.0,87.0,88.0,89.0,89.0,90.0,91.0,92.0,93.0,94.0,95.0,96.0,-6162.1,96.0,95.0,94.0,93.0,92.0,91.0,90.0,89.0,88.0,87.0,86.0,85.0,84.0,83.0,82.0,81.0,80.0,80.0,79.0,78.0,77.0,76.0,75.0,74.0,73.0,72.0,71.0,70.0,69.0,68.0,67.0,66.0,65.0,64.0,63.0,62.0,61.0,60.0,59.0,58.0,57.0,57.0,56.0,55.0,54.0,53.0,52.0,51.0,50.0,49.0,48.0,47.0,46.0,45.0,44.0,43.0,42.0,41.0,40.0,39.0,38.0,37.0,36.0,35.0,34.0,33.0,32.0,31.0,30.0,29.0,28.0,27.0,26.0,25.0,24.0,23.0,22.0,21.0,20.0,19.0,18.0,17.0
80.0,81.0,82.0,83.0,84.0,85.0,86.0,87.0,88.0,88.0,89.0,90.0,91.0,92.0,93.0,94.0,95.0,96.0,-6224.1,96.0,95.0,94.0,93.0,92.0,91.0,90.0,89.0,88.0,87.0,86.0,85.0,84.0,83.0,82.0,81.0,80.0,79.0,79.0,78.0,77.0,76.0,75.0,74.0,73.0,72.0,71.0,70.0,69.0,68.0,67.0,66.0,65.0,64.0,63.0,62.0,61.0,60.0,59.0,58.0,58.0,57.0,56.0,55.0,54.0,53.0,52.0,51.0,50.0,49.0,48.0,47.0,46.0,45.0,44.0,43.0,42.0,41.0,40.0,39.0,38.0,37.0,36.0,35.0,34.0,33.0,32.0,31.0,30.0,29.0,28.0,27.0,26.0,25.0,24.0,23.0,22.0,21.0,20.0,19.0,18.0
79.0,80.0,81.0,82.0,83.0,84.0,85.0,86.0,87.0,88.0,88.0,89.0,90.0,91.0,92.0,93.0,94.0,95.0,96.0,-6284.1,96.0,95.0,94.0,93.0,92.0,91.0,90.0,89.0,88.0,87.0,86.0,85.0,84.0,83.0,82.0,81.0,80.0,79.0,78.0,78.0,77.0,76.0,75.0,74.0,73.0,72.0,71.0,70.0,69.0,68.0,67.0,66.0,65.0,64.0,63.0,62.0,61.0,60.0,59.0,58.0,58.0,57.0,56.0,55.0,54.0,53.0,52.0,51.0,50.0,49.0,48.0,47.0,46.0,45.0,44.0,43.0,42.0,41.0,40.0,39.0,38.0,37.0,36.0,35.0,34.0,33.0,32.0,31.0,30.0,29.0,28.0,27.0,26.0,25.0,24.0,23.0,22.0,21.0,20.0,19.0
78.0,79.0,80.0,81.0,82.0,83.0,84.0,85.0,86.0,87.0,87.0,88.0,89.0,90.0,91.0,92.0,93.0,94.0,95.0,96.0,-6342.1,96.0,95.0,94.0,93.0,92.0,91.0,90.0,89.0,88.0,87.0,86.0,85.0,84.0,83.0,82.0,81.0,80.0,79.0,78.0,77.0,77.0,76.0,75.0,74.0,73.0,72.0,71.0,70.0,69.0,68.0,67.0,66.0,65.0,64.0,63.0,62.0,61.0,60.0,59.0,59.0,58.0,57.0,56.0,55.0,54.0,53.0,52.0,51.0,50.0,49.0,48.0,47.0,46.0,45.0,44.0,43.0,42.0,41.0,40.0,39.0,38.0,37.0,36.0,35.0,34.0,33.0,32.0,31.0,30.0,29.0,28.0,27.0,26.0,25.0,24.0,23.0,22.0,21.0,20.0
77.0,78.0,79.0,80.0,81.0,82.0,83.0,84.0,85.0,86.0,87.0,87.0,88.0,89.0,90.0,91.0,92.0,93.0,94.0,95.0,96.0,-6398.1,96.0,95.0,94.0,93.0,92.0,91.0,90.0,89.0,88.0,87.0,86.0,85.0,84.0,83.0,82.0,81.0,80.0,79.0,78.0,77.0,76.0,76.0,75.0,74.0,73.0,72.0,71.0,70.0,69.0,68.0,67.0,66.0,65.0,64.0,63.0,62.0,61.0,60.0,59.0,59.0,58.0,57.0,56.0,55.0,54.0,53.0,52.0,51.0,50.0,49.0,48.0,47.0,46.0,45.0,44.0,43.0,42.0,41.0,40.0,39.0,38.0,37.0,36.0,35.0,34.0,33.0,32.0,31.0,30.0,29.0,28.0,27.0,26.0,25.0,24.0,23.0,22.0,21.0
76.0,77.0,78.0,79.0,80.0,81.0,82.0,83.0,84.0,85.0,86.0,86.0,87.0,88.0,89.0,90.0,91.0,92.0,93.0,94.0,95.0,96.0,-6452.1,96.0,95.0,94.0,93.0,92.0,91.0,90.0,89.0,88.0,87.0,86.0,85.0,84.0,83.0,82.0,81.0,80.0,79.0,78.0,77.0,76.0,75.0,75.0,74.0,73.0,72.0,71.0,70.0,69.0,68.0,67.0,66.0,65.0,64.0,63.0,62.0,61.0,60.0,60.0,59.0,58.0,57.0,56.0,55.0,54.0,53.0,52.0,51.0,50.0,49.0,48.0,47.0,46.0,45.0,44.0,43.0,42.0,41.0,40.0,39.0,38.0,37.0,36.0,35.0,34.0,33.0,32.0,31.0,30.0,29.0,28.0,27.0,26.0,25.0,24.0,23.0,22.0
75.0,76.0,77.0,78.0,79.0,80.0,81.0,82.0,83.0,84.0,85.0,86.0,86.0,87.0,88.0,89.0,90.0,91.0,92.0,93.0,94.0,95.0,96.0,-6504.1,96.0,95.0,94.0,93.0,92.0,91.0,90.0,89.0,88.0,87.0,86.0,85.0,84.0,83.0,82.0,81.0,80.0,79.0,78.0,77.0,76.0,75.0,74.0,74.0,73.0,72.0,71.0,70.0,69.0,68.0,67.0,66.0,65.0,64.0,63.0,62.0,61.0,60.0,60.0,59.0,58.0,57.0,56.0,55.0,54.0,53.0,52.0,51.0,50.0,49.0,48.0,47.0,46.0,45.0,44.0,43.0,42.0,41.0,40.0,39.0,38.0,37.0,36.0,35.0,34.0,33.0,32.0,31.0,30.0,29.0,28.0,27.0,26.0,25.0,24.0,23.0
74.0,75.0,76.0,77.0,78.0,79.0,80.0,81.0,82.0,83.0,84.0,85.0,85.0,86.0,87.0,88.0,89.0,90.0,91.0,92.0,93.0,94.0,95.0,96.0,-6554.1,96.0,95.0,94.0,93.0,92.0,91.0,90.0,89.0,88.0,87.0,86.0,85.0,84.0,83.0,82.0,81.0,80.0,79.0,78.0,77.0,76.0,75.0,74.0,73.0,73.0,72.0,71.0,70.0,69.0,68.0,67.0,66.0,65.0,64.0,63.0,62.0,61.0,61.0,60.0,59.0,58.0,57.0,56.0,55.0,54.0,53.0,52.0,51.0,50.0,49.0,48.0,47.0,46.0,45.0,44.0,43.0,42.0,41.0,40.0,39.0,38.0,37.0,36.0,35.0,34.0,33.0,32.0,31.0,30.0,29.0,28.0,27.0,26.0,25.0,24.0
73.0,74.0,75.0,76.0,77.0,78.0,79.0,80.0,81.0,82.0,83.0,84.0,85.0,85.0,86.0,87.0,88.0,89.0,90.0,91.0,92.0,93.0,94.0,95.0,96.0,-6602.1,96.0,95.0,94.0,93.0,92.0,91.0,90.0,89.0,88.0,87.0,86.0,85.0,84.0,83.0,82.0,81.0,80.0,79.0,78.0,77.0,76.0,75.0,74.0,73.0,72.0,72.0,71.0,70.0,69.0,68.0,67.0,66.0,65.0,64.0,63.0,62.0,61.0,61.0,60.0,59.0,58.0,57.0,56.0,55.0,54.0,53.0,52.0,51.0,50.0,49.0,48.0,47.0,46.0,45.0,44.0,43.0,42.0,41.0,40.0,39.0,38.0,37.0,36.0,35.0,34.0,33.0,32.0,31.0,30.0,29.0,28.0,27.0,26.0,25.0
72.0,73.0,74.0,75.0,76.0,77.0,78.0,79.0,80.0,81.0,82.0,83.0,84.0,84.0,85.0,86.0,87.0,88.0,89.0,90.0,91.0,92.0,93.0,94.0,95.0,96.0,-6648.1,96.0,95.0,94.0,93.0,92.0,91.0,90.0,89.0,88.0,87.0,86.0,85.0,84.0,83.0,82.0,81.0,80.0,79.0,78.0,77.0,76.0,75.0,74.0,73.0,72.0,71.0,71.0,70.0,69.0,68.0,67.0,66.0,65.0,64.0,63.0,62.0,62.0,61.0,60.0,59.0,58.0,57.0,56.0,55.0,54.0,53.0,52.0,51.0,50.0,49.0,48.0,47.0,46.0,45.0,44.0,43.0,42.0,41.0,40.0,39.0,38.0,37.0,36.0,35.0,34.0,33.0,32.0,31.0,30.0,29.0,28.0,27.0,26.0
71.0,72.0,73.0,74.0,75.0,76.0,77.0,78.0,79.0,80.0,81.0,82.0,83.0,84.0,84.0,85.0,86.0,87.0,88.0,89.0,90.0,91.0,92.0,93.0,94.0,95.0,96.0,-6692.1,96.0,95.0,94.0,93.0,92.0,91.0,90.0,89.0,88.0,87.0,86.0,85.0,84.0,83.0,82.0,81.0,80.0,79.0,78.0,77.0,76.0,75.0,74.0,73.0,72.0,71.0,70.0,70.0,69.0,68.0,67.0,66.0,65.0,64.0,63.0,62.0,62.0,61.0,60.0,59.0,58.0,57.0,56.0,55.0,54.0,53.0,52.0,51.0,50.0,49.0,48.0,47.0,46.0,45.0,44.0,43.0,42.0,41.0,40.0,39.0,38.0,37.0,36.0,35.0,34.0,33.0,32.0,31.0,30.0,29.0,28.0,27.0
70.0,71.0,72.0,73.0,74.0,75.0,76.0,77.0,78.0,79.0,80.0,81.0,82.0,83.0,83.0,84.0,85.0,86.0,87.0,88.0,89.0,90.0,91.0,92.0,93.0,94.0,95.0,96.0,-6734.1,96.0,95.0,94.0,93.0,92.0,91.0,90.0,89.0,88.0,87.0,86.0,85.0,84.0,83.0,82.0,81.0,80.0,79.0,78.0,77.0,76.0,75.0,74.0,73.0,72.0,71.0,70.0,69.0,69.0,68.0,67.0,66.0,65.0,64.0,63.0,63.0,62.0,61.0,60.0,59.0,58.0,57.0,56.0,55.0,54.0,53.0,52.0,51.0,50.0,49.0,48.0,47.0,46.0,45.0,44.0,43.0,42.0,41.0,40.0,39.0,38.0,37.0,36.0,35.0,34.0,33.0,32.0,31.0,30.0,29.0,28.0
69.0,70.0,71.0,72.0,73.0,74.0,75.0,76.0,77.0,78.0,79.0,80.0,81.0,82.0,83.0,83.0,84.0,85.0,86.0,87.0,88.0,89.0,90.0,91.0,92.0,93.0,94.0,95.0,96.0,-6774.1,96.0,95.0,94.0,93.0,92.0,91.0,90.0,89.0,88.0,87.0,86.0,85.0,84.0,83.0,82.0,81.0,80.0,79.0,78.0,77.0,76.0,75.0,74.0,73.0,72.0,71.0,70.0,69.0,68.0,68.0,67.0,66.0,65.0,64.0,63.0,63.0,62.0,61.0,60.0,59.0,58.0,57.0,56.0,55.0,54.0,53.0,52.0,51.0,50.0,49.0,48.0,47.0,46.0,45.0,44.0,43.0,42.0,41.0,40.0,39.0,38.0,37.0,36.0,35.0,34.0,33.0,32.0,31.0,30.0,29.0
68.0,69.0,70.0,71.0,72.0,73.0,74.0,75.0,76.0,77.0,78.0,79.0,80.0,81.0,82.0,82.0,83.0,84.0,85.0,86.0,87.0,88.0,89.0,90.0,91.0,92.0,93.0,94.0,95.0,96.0,-6812.1,96.0,95.0,94.0,93.0,92.0,91.0,90.0,89.0,88.0,87.0,86.0,85.0,84.0,83.0,82.0,81.0,80.0,79.0,78.0,77.0,76.0,75.0,74.0,73.0,72.0,71.0,70.0,69.0,68.0,67.0,67.0,66.0,65.0,64.0,64.0,63.0,62.0,61.0,60.0,59.0,58.0,57.0,56.0,55.0,54.0,53.0,52.0,51.0,50.0,49.0,48.0,47.0,46.0,45.0,44.0,43.0,42.0,41.0,40.0,39.0,38.0,37.0,36.0,35.0,34.0,33.0,32.0,31.0,30.0
67.0,68.0,69.0,70.0,71.0,72.0,73.0,74.0,75.0,76.0,77.0,78.0,79.0,80.0,81.0,82.0,82.0,83.0,84.0,85.0,86.0,87.0,88.0,89.0,90.0,91.0,92.0,93.0,94.0,95.0,96.0,-6848.1,96.0,95.0,94.0,93.0,92.0,91.0,90.0,89.0,88.0,87.0,86.0,85.0,84.0,83.0,82.0,81.0,80.0,79.0,78.0,77.0,76.0,75.0,74.0,73.0,72.0,71.0,70.0,69.0,68.0,67.0,66.0,66.0,65.0,64.0,64.0,63.0,62.0,61.0,60.0,59.0,58.0,57.0,56.0,55.0,54.0,53.0,52.0,51.0,50.0,49.0,48.0,47.0,46.0,45.0,44.0,43.0,42.0,41.0,40.0,39.0,38.0,37.0,36.0,35.0,34.0,33.0,32.0,31.0
66.0,67.0,68.0,69.0,70.0,71.0,72.0,73.0,74.0,75.0,76.0,77.0,78.0,79.0,80.0,81.0,81.0,82.0,83.0,84.0,85.0,86.0,87.0,88.0,89.0,90.0,91.0,92.0,93.0,94.0,95.0,96.0,-6882.1,96.0,95.0,94.0,93.0,92.0,91.0,90.0,89.0,88.0,87.0,86.0,85.0,84.0,83.0,82.0,81.0,80.0,79.0,78.0,77.0,76.0,75.0,74.0,73.0,72.0,71.0,70.0,69.0,68.0,67.0,66.0,65.0,65.0,65.0,64.0,63.0,62.0,61.0,60.0,59.0,58.0,57.0,56.0,55.0,54.0,53.0,52.0,51.0,50.0,49.0,48.0,47.0,46.0,45.0,44.0,43.0,42.0,41.0,40.0,39.0,38.0,37.0,36.0,35.0,34.0,33.0,32.0
65.0,66.0,67.0,68.0,69.0,70.0,71.0,72.0,73.0,74.0,75.0,76.0,77.0,78.0,79.0,80.0,81.0,81.0,82.0,83.0,84.0,85.0,86.0,87.0,88.0,89.0,90.0,91.0,92.0,93.0,94.0,95.0,96.0,-6914.1,96.0,95.0,94.0,93.0,92.0,91.0,90.0,89.0,88.0,87.0,86.0,85.0,84.0,83.0,82.0,81.0,80.0,79.0,78.0,77.0,76.0,75.0,74.0,73.0,72.0,71.0,70.0,69.0,68.0,67.0,66.0,65.0,64.0,65.0,64.0,63.0,62.0,61.0,60.0,59.0,58.0,57.0,56.0,55.0,54.0,53.0,52.0,51.0,50.0,49.0,48.0,47.0,46.0,45.0,44.0,43.0,42.0,41.0,40.0,39.0,38.0,37.0,36.0,35.0,34.0,33.0
64.0,65.0,66.0,67.0,68.0,69.0,70.0,71.0,72.0,73.0,74.0,75.0,76.0,77.0,78.0,79.0,80.0,80.0,81.0,82.0,83.0,84.0,85.0,86.0,87.0,88.0,89.0,90.0,91.0,92.0,93.0,94.0,95.0,96.0,-6944.1,96.0,95.0,94.0,93.0,92.0,91.0,90.0,89.0,88.0,87.0,86.0,85.0,84.0,83.0,82.0,81.0,80.0,79.0,78.0,77.0,76.0,75.0,74.0,73.0,72.0,71.0,70.0,69.0,68.0,67.0,66.0,65.0,65.0,64.0,64.0,63.0,62.0,61.0,60.0,59.0,58.0,57.0,56.0,55.0,54.0,53.0,52.0,51.0,50.0,49.0,48.0,47.0,46.0,45.0,44.0,43.0,42.0,41.0,40.0,39.0,38.0,37.0,36.0,35.0,34.0
63.0,64.0,65.0,66.0,67.0,68.0,69.0,70.0,71.0,72.0,73.0,74.0,75.0,76.0,77.0,78.0,79.0,80.0,80.0,81.0,82.0,83.0,84.0,85.0,86.0,87.0,88.0,89.0,90.0,91.0,92.0,93.0,94.0,95.0,96.0,-6972.1,96.0,95.0,94.0,93.0,92.0,91.0,90.0,89.0,88.0,87.0,86.0,85.0,84.0,83.0,82.0,81.0,80.0,79.0,78.0,77.0,76.0,75.0,74.0,73.0,72.0,71.0,70.0,69.0,68.0,67.0,66.0,65.0,65.0,64.0,63.0,63.0,62.0,61.0,60.0,59.0,58.0,57.0,56.0,55.0,54.0,53.0,52.0,51.0,50.0,49.0,48.0,47.0,46.0,45.0,44.0,43.0,42.0,41.0,40.0,39.0,38.0,37.0,36.0,35.0
62.0,63.0,64.0,65.0,66.0,67.0,68.0,69.0,70.0,71.0,72.0,73.0,74.0,75.0,76.0,77.0,78.0,79.0,79.0,80.0,81.0,82.0,83.0,84.0,85.0,86.0,87.0,88.0,89.0,90.0,91.0,92.0,93.0,94.0,95.0,96.0,-6998.1,96.0,95.0,94.0,93.0,92.0,91.0,90.0,89.0,88.0,87.0,86.0,85.0,84.0,83.0,82.0,81.0,80.0,79.0,78.0,77.0,76.0,75.0,74.0,73.0,72.0,71.0,70.0,69.0,68.0,67.0,66.0,66.0,65.0,64.0,63.0,62.0,62.0,61.0,60.0,59.0,58.0,57.0,56.0,55.0,54.0,53.0,52.0,51.0,50.0,49.0,48.0,47.0,46.0,45.0,44.0,43.0,42.0,41.0,40.0,39.0,38.0,37.0,36.0
61.0,62.0,63.0,64.0,65.0,66.0,67.0,68.0,69.0,70.0,71.0,72.0,73.0,74.0,75.0,76.0,77.0,78.0,79.0,79.0,80.0,81.0,82.0,83.0,84.0,85.0,86.0,87.0,88.0,89.0,90.0,91.0,92.0,93.0,94.0,95.0,96.0,-7022.1,96.0,95.0,94.0,93.0,92.0,91.0,90.0,89.0,88.0,87.0,86.0,85.0,84.0,83.0,82.0,81.0,80.0,79.0,78.0,77.0,76.0,75.0,74.0,73.0,72.0,71.0,70.0,69.0,68.0,67.0,66.0,66.0,65.0,64.0,63.0,62.0,61.0,61.0,60.0,59.0,58.0,57.0,56.0,55.0,54.0,53.0,52.0,51.0,50.0,49.0,48.0,47.0,46.0,45.0,44.0,43.0,42.0,41.0,40.0,39.0,38.0,37.0
60.0,61.0,62.0,63.0,64.0,65.0,66.0,67.0,68.0,69.0,70.0,71.0,72.0,73.0,74.0,75.0,76.0,77.0,78.0,78.0,79.0,80.0,81.0,82.0,83.0,84.0,85.0,86.0,87.0,88.0,89.0,90.0,91.0,92.0,93.0,94.0,95.0,96.0,-7044.1,96.0,95.0,94.0,93.0,92.0,91.0,90.0,89.0,88.0,87.0,86.0,85.0,84.0,83.0,82.0,81.0,80.0,79.0,78.0,77.0,76.0,75.0,74.0,73.0,72.0,71.0,70.0,69.0,68.0,67.0,67.0,66.0,65.0,64.0,63.0,62.0,61.0,60.0,60.0,59.0,58.0,57.0,56.0,55.0,54.0,53.0,52.0,51.0,50.0,49.0,48.0,47.0,46.0,45.0,44.0,43.0,42.0,41.0,40.0,39.0,38.0
59.0,60.0,61.0,62.0,63.0,64.0,65.0,66.0,67.0,68.0,69.0,70.0,71.0,72.0,73.0,74.0,75.0,76.0,77.0,78.0,78.0,79.0,80.0,81.0,82.0,83.0,84.0,85.0,86.0,87.0,88.0,89.0,90.0,91.0,92.0,93.0,94.0,95.0,96.0,-7064.1,96.0,95.0,94.0,93.0,92.0,91.0,90.0,89.0,88.0,87.0,86.0,85.0,84.0,83.0,82.0,81.0,80.0,79.0,78.0,77.0,76.0,75.0,74.0,73.0,72.0,71.0,70.0,69.0,68.0,67.0,67.0,66.0,65.0,64.0,63.0,62.0,61.0,60.0,59.0,59.0,58.0,57.0,56.0,55.0,54.0,53.0,52.0,51.0,50.0,49.0,48.0,47.0,46.0,45.0,44.0,43.0,42.0,41.0,40.0,39.0
58.0,59.0,60.0,61.0,62.0,63.0,64.0,65.0,66.0,67.0,68.0,69.0,70.0,71.0,72.0,73.0,74.0,75.0,76.0,77.0,77.0,78.0,79.0,80.0,81.0,82.0,83.0,84.0,85.0,86.0,87.0,88.0,89.0,90.0,91.0,92.0,93.0,94.0,95.0,96.0,-7082.1,96.0,95.0,94.0,93.0,92.0,91.0,90.0,89.0,88.0,87.0,86.0,85.0,84.0,83.0,82.0,81.0,80.0,79.0,78.0,77.0,76.0,75.0,74.0,73.0,72.0,71.0,70.0,69.0,68.0,68.0,67.0,66.0,65.0,64.0,63.0,62.0,61.0,60.0,59.0,58.0,58.0,57.0,56.0,55.0,54.0,53.0,52.0,51.0,50.0,49.0,48.0,47.0,46.0,45.0,44.0,43.0,42.0,41.0,40.0
57.0,58.0,59.0,60.0,61.0,62.0,63.0,64.0,65.0,66.0,67.0,68.0,69.0,70.0,71.0,72.0,73.0,74.0,75.0,76.0,77.0,77.0,78.0,79.0,80.0,81.0,82.0,83.0,84.0,85.0,86.0,87.0,88.0,89.0,90.0,91.0,92.0,93.0,94.0,95.0,96.0,-7098.1,96.0,95.0,94.0,93.0,92.0,91.0,90.0,89.0,88.0,87.0,86.0,85.0,84.0,83.0,82.0,81.0,80.0,79.0,78.0,77.0,76.0,75.0,74.0,73.0,72.0,71.0,70.0,69.0,68.0,68.0,67.0,66.0,65.0,64.0,63.0,62.0,61.0,60.0,59.0,58.0,57.0,57.0,56.0,55.0,54.0,53.0,52.0,51.0,50.0,49.0,48.0,47.0,46.0,45.0,44.0,43.0,42.0,41.0
56.0,57.0,58.0,59.0,60.0,61.0,62.0,63.0,64.0,65.0,66.0,67.0,68.0,69.0,70.0,71.0,72.0,73.0,74.0,75.0,76.0,76.0,77.0,78.0,79.0,80.0,81.0,82.0,83.0,84.0,85.0,86.0,87.0,88.0,89.0,90.0,91.0,92.0,93.0,94.0,95.0,96.0,-7112.1,96.0,95.0,94.0,93.0,92.0,91.0,90.0,89.0,88.0,87.0,86.0,85.0,84.0,83.0,82.0,81.0,80.0,79.0,78.0,77.0,76.0,75.0,74.0,73.0,72.0,71.0,70.0,69.0,69.0,68.0,67.0,66.0,65.0,64.0,63.0,62.0,61.0,60.0,59.0,58.0,57.0,56.0,56.0,55.0,54.0,53.0,52.0,51.0,50.0,49.0,48.0,47.0,46.0,45.0,44.0,43.0,42.0
55.0,56.0,57.0,58.0,59.0,60.0,61.0,62.0,63.0,64.0,65.0,66.0,67.0,68.0,69.0,70.0,71.0,72.0,73.0,74.0,75.0,76.0,76.0,77.0,78.0,79.0,80.0,81.0,82.0,83.0,84.0,85.0,86.0,87.0,88.0,89.0,90.0,91.0,92.0,93.0,94.0,95.0,96.0,-7124.1,96.0,95.0,94.0,93.0,92.0,91.0,90.0,89.0,88.0,87.0,86.0,85.0,84.0,83.0,82.0,81.0,80.0,79.0,78.0,77.0,76.0,75.0,74.0,73.0,72.0,71.0,70.0,69.0,69.0,68.0,67.0,66.0,65.0,64.0,63.0,62.0,61.0,60.0,59.0,58.0,57.0,56.0,55.0,55.0,54.0,53.0,52.0,51.0,50.0,49.0,48.0,47.0,46.0,45.0,44.0,43.0
54.0,55.0,56.0,57.0,58.0,59.0,60.0,61.0,62.0,63.0,64.0,65.0,66.0,67.0,68.0,69.0,70.0,71.0,72.0,73.0,74.0,75.0,75.0,76.0,77.0,78.0,79.0,80.0,81.0,82.0,83.0,84.0,85.0,86.0,87.0,88.0,89.0,90.0,91.0,92.0,93.0,94.0,95.0,96.0,-7134.1,96.0,95.0,94.0,93.0,92.0,91.0,90.0,89.0,88.0,87.0,86.0,85.0,84.0,83.0,82.0,81.0,80.0,79.0,78.0,77.0,76.0,75.0,74.0,73.0,72.0,71.0,70.0,70.0,69.0,68.0,67.0,66.0,65.0,64.0,63.0,62.0,61.0,60.0,59.0,58.0,57.0,56.0,55.0,54.0,54.0,53.0,52.0,51.0,50.0,49.0,48.0,47.0,46.0,45.0,44.0
53.0,54.0,55.0,56.0,57.0,58.0,59.0,60.0,61.0,62.0,63.0,64.0,65.0,66.0,67.0,68.0,69.0,70.0,71.0,72.0,73.0,74.0,75.0,75.0,76.0,77.0,78.0,79.0,80.0,81.0,82.0,83.0,84.0,85.0,86.0,87.0,88.0,89.0,90.0,91.0,92.0,93.0,94.0,95.0,96.0,-7142.1,96.0,95.0,94.0,93.0,92.0,91.0,90.0,89.0,88.0,87.0,86.0,85.0,84.0,83.0,82.0,81.0,80.0,79.0,78.0,77.0,76.0,75.0,74.0,73.0,72.0,71.0,70.0,70.0,69.0,68.0,67.0,66.0,65.0,64.0,63.0,62.0,61.0,60.0,59.0,58.0,57.0,56.0,55.0,54.0,53.0,53.0,52.0,51.0,50.0,49.0,48.0,47.0,46.0,45.0
52.0,53.0,54.0,55.0,56.0,57.0,58.0,59.0,60.0,61.0,62.0,63.0,64.0,65.0,66.0,67.0,68.0,69.0,70.0,71.0,72.0,73.0,74.0,74.0,75.0,76.0,77.0,78.0,79.0,80.0,81.0,82.0,83.0,84.0,85.0,86.0,87.0,88.0,89.0,90.0,91.0,92.0,93.0,94.0,95.0,96.0,-7148.1,96.0,95.0,94.0,93.0,92.0,91.0,90.0,89.0,88.0,87.0,86.0,85.0,84.0,83.0,82.0,81.0,80.0,79.0,78.0,77.0,76.0,75.0,74.0,73.0,72.0,71.0,71.0,70.0,69.0,68.0,67.0,66.0,65.0,64.0,63.0,62.0,61.0,60.0,59.0,58.0,57.0,56.0,55.0,54.0,53.0,52.0,52.0,51.0,50.0,49.0,48.0,47.0,46.0
51.0,52.0,53.0,54.0,55.0,56.0,57.0,58.0,59.0,60.0,61.0,62.0,63.0,64.0,65.0,66.0,67.0,68.0,69.0,70.0,71.0,72.0,73.0,74.0,74.0,75.0,76.0,77.0,78.0,79.0,80.0,81.0,82.0,83.0,84.0,85.0,86.0,87.0,88.0,89.0,90.0,91.0,92.0,93.0,94.0,95.0,96.0,-7152.1,96.0,95.0,94.0,93.0,92.0,91.0,90.0,89.0,88.0,87.0,86.0,85.0,84.0,83.0,82.0,81.0,80.0,79.0,78.0,77.0,76.0,75.0,74.0,73.0,72.0,71.0,71.0,70.0,69.0,68.0,67.0,66.0,65.0,64.0,63.0,62.0,61.0,60.0,59.0,58.0,57.0,56.0,55.0,54.0,53.0,52.0,51.0,51.0,50.0,49.0,48.0,47.0
50.0,51.0,52.0,53.0,54.0,55.0,56.0,57.0,58.0,59.0,60.0,61.0,62.0,63.0,64.0,65.0,66.0,67.0,68.0,69.0,70.0,71.0,72.0,73.0,73.0,74.0,75.0,76.0,77.0,78.0,79.0,80.0,81.0,82.0,83.0,84.0,85.0,86.0,87.0,88.0,89.0,90.0,91.0,92.0,93.0,94.0,95.0,96.0,-7154.1,96.0,95.0,94.0,93.0,92.0,91.0,90.0,89.0,88.0,87.0,86.0,85.0,84.0,83.0,82.0,81.0,80.0,79.0,78.0,77.0,76.0,75.0,74.0,73.0,72.0,72.0,71.0,70.0,69.0,68.0,67.0,66.0,65.0,64.0,63.0,62.0,61.0,60.0,59.0,58.0,57.0,56.0,55.0,54.0,53.0,52.0,51.0,50.0,50.0,49.0,48.0
49.0,50.0,51.0,52.0,53.0,54.0,55.0,56.0,57.0,58.0,59.0,60.0,61.0,62.0,63.0,64.0,65.0,66.0,67.0,68.0,69.0,70.0,71.0,72.0,73.0,73.0,74.0,75.0,76.0,77.0,78.0,79.0,80.0,81.0,82.0,83.0,84.0,85.0,86.0,87.0,88.0,89.0,90.0,91.0,92.0,93.0,94.0,95.0,96.0,-7154.1,96.0,95.0,94.0,93.0,92.0,91.0,90.0,89.0,88.0,87.0,86.0,85.0,84.0,83.0,82.0,81.0,80.0,79.0,78.0,77.0,76.0,75.0,74.0,73.0,72.0,72.0,71.0,70.0,69.0,68.0,67.0,66.0,65.0,64.0,63.0,62.0,61.0,60.0,59.0,58.0,57.0,56.0,55.0,54.0,53.0,52.0,51.0,50.0,49.0,49.0
49.0,49.0,50.0,51.0,52.0,53.0,54.0,55.0,56.0,57.0,58.0,59.0,60.0,61.0,62.0,63.0,64.0,65.0,66.0,67.0,68.0,69.0,70.0,71.0,72.0,72.0,73.0,74.0,75.0,76.0,77.0,78.0,79.0,80.0,81.0,82.0,83.0,84.0,85.0,86.0,87.0,88.0,89.0,90.0,91.0,92.0,93.0,94.0,95.0,96.0,-7154.1,96.0,95.0,94.0,93.0,92.0,91.0,90.0,89.0,88.0,87.0,86.0,85.0,84.0,83.0,82.0,81.0,80.0,79.0,78.0,77.0,76.0,75.0,74.0,73.0,73.0,72.0,71.0,70.0,69.0,68.0,67.0,66.0,65.0,64.0,63.0,62.0,61.0,60.0,59.0,58.0,57.0,56.0,55.0,54.0,53.0,52.0,51.0,50.0,49.0
48.0,49.0,50.0,50.0,51.0,52.0,53.0,54.0,55.0,56.0,57.0,58.0,59.0,60.0,61.0,62.0,63.0,64.0,65.0,66.0,67.0,68.0,69.0,70.0,71.0,72.0,72.0,73.0,74.0,75.0,76.0,77.0,78.0,79.0,80.0,81.0,82.0,83.0,84.0,85.0,86.0,87.0,88.0,89.0,90.0,91.0,92.0,93.0,94.0,95.0,96.0,-7154.1,96.0,95.0,94.0,93.0,92.0,91.0,90.0,89.0,88.0,87.0,86.0,85.0,84.0,83.0,82.0,81.0,80.0,79.0,78.0,77.0,76.0,75.0,74.0,73.0,73.0,72.0,71.0,70.0,69.0,68.0,67.0,66.0,65.0,64.0,63.0,62.0,61.0,60.0,59.0,58.0,57.0,56.0,55.0,54.0,53.0,52.0,51.0,50.0
47.0,48.0,49.0,50.0,51.0,51.0,52.0,53.0,54.0,55.0,56.0,57.0,58.0,59.0,60.0,61.0,62.0,63.0,64.0,65.0,66.0,67.0,68.0,69.0,70.0,71.0,71.0,72.0,73.0,74.0,75.0,76.0,77.0,78.0,79.0,80.0,81.0,82.0,83.0,84.0,85.0,86.0,87.0,88.0,89.0,90.0,91.0,92.0,93.0,94.0,95.0,96.0,-7152.1,96.0,95.0,94.0,93.0,92.0,91.0,90.0,89.0,88.0,87.0,86.0,85.0,84.0,83.0,82.0,81.0,80.0,79.0,78.0,77.0,76.0,75.0,74.0,74.0,73.0,72.0,71.0,70.0,69.0,68.0,67.0,66.0,65.0,64.0,63.0,62.0,61.0,60.0,59.0,58.0,57.0,56.0,55.0,54.0,53.0,52.0,51.0
46.0,47.0,48.0,49.0,50.0,51.0,52.0,52.0,53.0,54.0,55.0,56.0,57.0,58.0,59.0,60.0,61.0,62.0,63.0,64.0,65.0,66.0,67.0,68.0,69.0,70.0,71.0,71.0,72.0,73.0,74.0,75.0,76.0,77.0,78.0,79.0,80.0,81.0,82.0,83.0,84.0,85.0,86.0,87.0,88.0,89.0,90.0,91.0,92.0,93.0,94.0,95.0,96.0,-7148.1,96.0,95.0,94.0,93.0,92.0,91.0,90.0,89.0,88.0,87.0,86.0,85.0,84.0,83.0,82.0,81.0,80.0,79.0,78.0,77.0,76.0,75.0,74.0,74.0,73.0,72.0,71.0,70.0,69.0,68.0,67.0,66.0,65.0,64.0,63.0,62.0,61.0,60.0,59.0,58.0,57.0,56.0,55.0,54.0,53.0,52.0
45.0,46.0,47.0,48.0,49.0,50.0,51.0,52.0,53.0,53.0,54.0,55.0,56.0,57.0,58.0,59.0,60.0,61.0,62.0,63.0,64.0,65.0,66.0,67.0,68.0,69.0,70.0,70.0,71.0,72.0,73.0,74.0,75.0,76.0,77.0,78.0,79.0,80.0,81.0,82.0,83.0,84.0,85.0,86.0,87.0,88.0,89.0,90.0,91.0,92.0,93.0,94.0,95.0,96.0,-7142.1,96.0,95.0,94.0,93.0,92.0,91.0,90.0,89.0,88.0,87.0,86.0,85.0,84.0,83.0,82.0,81.0,80.0,79.0,78.0,77.0,76.0,75.0,75.0,74.0,73.0,72.0,71.0,70.0,69.0,68.0,67.0,66.0,65.0,64.0,63.0,62.0,61.0,60.0,59.0,58.0,57.0,56.0,55.0,54.0,53.0
44.0,45.0,46.0,47.0,48.0,49.0,50.0,51.0,52.0,53.0,54.0,54.0,55.0,56.0,57.0,58.0,59.0,60.0,61.0,62.0,63.0,64.0,65.0,66.0,67.0,68.0,69.0,70.0,70.0,71.0,72.0,73.0,74.0,75.0,76.0,77.0,78.0,79.0,80.0,81.0,82.0,83.0,84.0,85.0,86.0,87.0,88.0,89.0,90.0,91.0,92.0,93.0,94.0,95.0,96.0,-7134.1,96.0,95.0,94.0,93.0,92.0,91.0,90.0,89.0,88.0,87.0,86.0,85.0,84.0,83.0,82.0,81.0,80.0,79.0,78.0,77.0,76.0,75.0,75.0,74.0,73.0,72.0,71.0,70.0,69.0,68.0,67.0,66.0,65.0,64.0,63.0,62.0,61.0,60.0,59.0,58.0,57.0,56.0,55.0,54.0
43.0,44.0,45.0,46.0,47.0,48.0,49.0,50.0,51.0,52.0,53.0,54.0,55.0,55.0,56.0,57.0,58.0,59.0,60.0,61.0,62.0,63.0,64.0,65.0,66.0,67.0,68.0,69.0,69.0,70.0,71.0,72.0,73.0,74.0,75.0,76.0,77.0,78.0,79.0,80.0,81.0,82.0,83.0,84.0,85.0,86.0,87.0,88.0,89.0,90.0,91.0,92.0,93.0,94.0,95.0,96.0,-7124.1,96.0,95.0,94.0,93.0,92.0,91.0,90.0,89.0,88.0,87.0,86.0,85.0,84.0,83.0,82.0,81.0,80.0,79.0,78.0,77.0,76.0,76.0,75.0,74.0,73.0,72.0,71.0,70.0,69.0,68.0,67.0,66.0,65.0,64.0,63.0,62.0,61.0,60.0,59.0,58.0,57.0,56.0,55.0
42.0,43.0,44.0,45.0,46.0,47.0,48.0,49.0,50.0,51.0,52.0,53.0,54.0,55.0,56.0,56.0,57.0,58.0,59.0,60.0,61.0,62.0,63.0,64.0,65.0,66.0,67.0,68.0,69.0,69.0,70.0,71.0,72.0,73.0,74.0,75.0,76.0,77.0,78.0,79.0,80.0,81.0,82.0,83.0,84.0,85.0,86.0,87.0,88.0,89.0,90.0,91.0,92.0,93.0,94.0,95.0,96.0,-7112.1,96.0,95.0,94.0,93.0,92.0,91.0,90.0,89.0,88.0,87.0,86.0,85.0,84.0,83.0,82.0,81.0,80.0,79.0,78.0,77.0,76.0,76.0,75.0,74.0,73.0,72.0,71.0,70.0,69.0,68.0,67.0,66.0,65.0,64.0,63.0,62.0,61.0,60.0,59.0,58.0,57.0,56.0
41.0,42.0,43.0,44.0,45.0,46.0,47.0,48.0,49.0,50.0,51.0,52.0,53.0,54.0,55.0,56.0,57.0,57.0,58.0,59.0,60.0,61.0,62.0,63.0,64.0,65.0,66.0,67.0,68.0,68.0,69.0,70.0,71.0,72.0,73.0,74.0,75.0,76.0,77.0,78.0,79.0,80.0,81.0,82.0,83.0,84.0,85.0,86.0,87.0,88.0,89.0,90.0,91.0,92.0,93.0,94.0,95.0,96.0,-7098.1,96.0,95.0,94.0,93.0,92.0,91.0,90.0,89.0,88.0,87.0,86.0,85.0,84.0,83.0,82.0,81.0,80.0,79.0,78.0,77.0,77.0,76.0,75.0,74.0,73.0,72.0,71.0,70.0,69.0,68.0,67.0,66.0,65.0,64.0,63.0,62.0,61.0,60.0,59.0,58.0,57.0
40.0,41.0,42.0,43.0,44.0,45.0,46.0,47.0,48.0,49.0,50.0,51.0,52.0,53.0,54.0,55.0,56.0,57.0,58.0,58.0,59.0,60.0,61.0,62.0,63.0,64.0,65.0,66.0,67.0,68.0,68.0,69.0,70.0,71.0,72.0,73.0,74.0,75.0,76.0,77.0,78.0,79.0,80.0,81.0,82.0,83.0,84.0,85.0,86.0,87.0,88.0,89.0,90.0,91.0,92.0,93.0,94.0,95.0,96.0,-7082.1,96.0,95.0,94.0,93.0,92.0,91.0,90.0,89.0,88.0,87.0,86.0,85.0,84.0,83.0,82.0,81.0,80.0,79.0,78.0,77.0,77.0,76.0,75.0,74.0,73.0,72.0,71.0,70.0,69.0,68.0,67.0,66.0,65.0,64.0,63.0,62.0,61.0,60.0,59.0,58.0
39.0,40.0,41.0,42.0,43.0,44.0,45.0,46.0,47.0,48.0,49.0,50.0,51.0,52.0,53.0,54.0,55.0,56.0,57.0,58.0,59.0,59.0,60.0,61.0,62.0,63.0,64.0,65.0,66.0,67.0,67.0,68.0,69.0,70.0,71.0,72.0,73.0,74.0,75.0,76.0,77.0,78.0,79.0,80.0,81.0,82.0,83.0,84.0,85.0,86.0,87.0,88.0,89.0,90.0,91.0,92.0,93.0,94.0,95.0,96.0,-7064.1,96.0,95.0,94.0,93.0,92.0,91.0,90.0,89.0,88.0,87.0,86.0,85.0,84.0,83.0,82.0,81.0,80.0,79.0,78.0,78.0,77.0,76.0,75.0,74.0,73.0,72.0,71.0,70.0,69.0,68.0,67.0,66.0,65.0,64.0,63.0,62.0,61.0,60.0,59.0
38.0,39.0,40.0,41.0,42.0,43.0,44.0,45.0,46.0,47.0,48.0,49.0,50.0,51.0,52.0,53.0,54.0,55.0,56.0,57.0,58.0,59.0,60.0,60.0,61.0,62.0,63.0,64.0,65.0,66.0,67.0,67.0,68.0,69.0,70.0,71.0,72.0,73.0,74.0,75.0,76.0,77.0,78.0,79.0,80.0,81.0,82.0,83.0,84.0,85.0,86.0,87.0,88.0,89.0,90.0,91.0,92.0,93.0,94.0,95.0,96.0,-7044.1,96.0,95.0,94.0,93.0,92.0,91.0,90.0,89.0,88.0,87.0,86.0,85.0,84.0,83.0,82.0,81.0,80.0,79.0,78.0,78.0,77.0,76.0,75.0,74.0,73.0,72.0,71.0,70.0,69.0,68.0,67.0,66.0,65.0,64.0,63.0,62.0,61.0,60.0
37.0,38.0,39.0,40.0,41.0,42.0,43.0,44.0,45.0,46.0,47.0,48.0,49.0,50.0,51.0,52.0,53.0,54.0,55.0,56.0,57.0,58.0,59.0,60.0,61.0,61.0,62.0,63.0,64.0,65.0,66.0,66.0,67.0,68.0,69.0,70.0,71.0,72.0,73.0,74.0,75.0,76.0,77.0,78.0,79.0,80.0,81.0,82.0,83.0,84.0,85.0,86.0,87.0,88.0,89.0,90.0,91.0,92.0,93.0,94.0,95.0,96.0,-7022.1,96.0,95.0,94.0,93.0,92.0,91.0,90.0,89.0,88.0,87.0,86.0,85.0,84.0,83.0,82.0,81.0,80.0,79.0,79.0,78.0,77.0,76.0,75.0,74.0,73.0,72.0,71.0,70.0,69.0,68.0,67.0,66.0,65.0,64.0,63.0,62.0,61.0
36.0,37.0,38.0,39.0,40.0,41.0,42.0,43.0,44.0,45.0,46.0,47.0,48.0,49.0,50.0,51.0,52.0,53.0,54.0,55.0,56.0,57.0,58.0,59.0,60.0,61.0,62.0,62.0,63.0,64.0,65.0,66.0,66.0,67.0,68.0,69.0,70.0,71.0,72.0,73.0,74.0,75.0,76.0,77.0,78.0,79.0,80.0,81.0,82.0,83.0,84.0,85.0,86.0,87.0,88.0,89.0,90.0,91.0,92.0,93.0,94.0,95.0,96.0,-6998.1,96.0,95.0,94.0,93.0,92.0,91.0,90.0,89.0,88.0,87.0,86.0,85.0,84.0,83.0,82.0,81.0,80.0,79.0,79.0,78.0,77.0,76.0,75.0,74.0,73.0,72.0,71.0,70.0,69.0,68.0,67.0,66.0,65.0,64.0,63.0,62.0
35.0,36.0,37.0,38.0,39.0,40.0,41.0,42.0,43.0,44.0,45.0,46.0,47.0,48.0,49.0,50.0,51.0,52.0,53.0,54.0,55.0,56.0,57.0,58.0,59.0,60.0,61.0,62.0,63.0,63.0,64.0,65.0,65.0,66.0,67.0,68.0,69.0,70.0,71.0,72.0,73.0,74.0,75.0,76.0,77.0,78.0,79.0,80.0,81.0,82.0,83.0,84.0,85.0,86.0,87.0,88.0,89.0,90.0,91.0,92.0,93.0,94.0,95.0,96.0,-6972.1,96.0,95.0,94.0,93.0,92.0,91.0,90.0,89.0,88.0,87.0,86.0,85.0,84.0,83.0,82.0,81.0,80.0,80.0,79.0,78.0,77.0,76.0,75.0,74.0,73.0,72.0,71.0,70.0,69.0,68.0,67.0,66.0,65.0,64.0,63.0
34.0,35.0,36.0,37.0,38.0,39.0,40.0,41.0,42.0,43.0,44.0,45.0,46.0,47.0,48.0,49.0,50.0,51.0,52.0,53.0,54.0,55.0,56.0,57.0,58.0,59.0,60.0,61.0,62.0,63.0,64.0,64.0,65.0,65.0,66.0,67.0,68.0,69.0,70.0,71.0,72.0,73.0,74.0,75.0,76.0,77.0,78.0,79.0,80.0,81.0,82.0,83.0,84.0,85.0,86.0,87.0,88.0,89.0,90.0,91.0,92.0,93.0,94.0,95.0,96.0,-6944.1,96.0,95.0,94.0,93.0,92.0,91.0,90.0,89.0,88.0,87.0,86.0,85.0,84.0,83.0,82.0,81.0,80.0,80.0,79.0,78.0,77.0,76.0,75.0,74.0,73.0,72.0,71.0,70.0,69.0,68.0,67.0,66.0,65.0,64.0
33.0,34.0,35.0,36.0,37.0,38.0,39.0,40.0,41.0,42.0,43.0,44.0,45.0,46.0,47.0,48.0,49.0,50.0,51.0,52.0,53.0,54.0,55.0,56.0,57.0,58.0,59.0,60.0,61.0,62.0,63.0,64.0,65.0,64.0,65.0,66.0,67.0,68.0,69.0,70.0,71.0,72.0,73.0,74.0,75.0,76.0,77.0,78.0,79.0,80.0,81.0,82.0,83.0,84.0,85.0,86.0,87.0,88.0,89.0,90.0,91.0,92.0,93.0,94.0,95.0,96.0,-6914.1,96.0,95.0,94.0,93.0,92.0,91.0,90.0,89.0,88.0,87.0,86.0,85.0,84.0,83.0,82.0,81.0,81.0,80.0,79.0,78.0,77.0,76.0,75.0,74.0,73.0,72.0,71.0,70.0,69.0,68.0,67.0,66.0,65.0
32.0,33.0,34.0,35.0,36.0,37.0,38.0,39.0,40.0,41.0,42.0,43.0,44.0,45.0,46.0,47.0,48.0,49.0,50.0,51.0,52.0,53.0,54.0,55.0,56.0,57.0,58.0,59.0,60.0,61.0,62.0,63.0,64.0,65.0,65.0,65.0,66.0,67.0,68.0,69.0,70.0,71.0,72.0,73.0,74.0,75.0,76.0,77.0,78.0,79.0,80.0,81.0,82.0,83.0,84.0,85.0,86.0,87.0,88.0,89.0,90.0,91.0,92.0,93.0,94.0,95.0,96.0,-6882.1,96.0,95.0,94.0,93.0,92.0,91.0,90.0,89.0,88.0,87.0,86.0,85.0,84.0,83.0,82.0,81.0,81.0,80.0,79.0,78.0,77.0,76.0,75.0,74.0,73.0,72.0,71.0,70.0,69.0,68.0,67.0,66.0
31.0,32.0,33.0,34.0,35.0,36.0,37.0,38.0,39.0,40.0,41.0,42.0,43.0,44.0,45.0,46.0,47.0,48.0,49.0,50.0,51.0,52.0,53.0,54.0,55.0,56.0,57.0,58.0,59.0,60.0,61.0,62.0,63.0,64.0,64.0,65.0,66.0,66.0,67.0,68.0,69.0,70.0,71.0,72.0,73.0,74.0,75.0,76.0,77.0,78.0,79.0,80.0,81.0,82.0,83.0,84.0,85.0,86.0,87.0,88.0,89.0,90.0,91.0,92.0,93.0,94.0,95.0,96.0,-6848.1,96.0,95.0,94.0,93.0,92.0,91.0,90.0,89.0,88.0,87.0,86.0,85.0,84.0,83.0,82.0,82.0,81.0,80.0,79.0,78.0,77.0,76.0,75.0,74.0,73.0,72.0,71.0,70.0,69.0,68.0,67.0
30.0,31.0,32.0,33.0,34.0,35.0,36.0,37.0,38.0,39.0,40.0,41.0,42.0,43.0,44.0,45.0,46.0,47.0,48.0,49.0,50.0,51.0,52.0,53.0,54.0,55.0,56.0,57.0,58.0,59.0,60.0,61.0,62.0,63.0,64.0,64.0,65.0,66.0,67.0,67.0,68.0,69.0,70.0,71.0,72.0,73.0,74.0,75.0,76.0,77.0,78.0,79.0,80.0,81.0,82.0,83.0,84.0,85.0,86.0,87.0,88.0,89.0,90.0,91.0,92.0,93.0,94.0,95.0,96.0,-6812.1,96.0,95.0,94.0,93.0,92.0,91.0,90.0,89.0,88.0,87.0,86.0,85.0,84.0,83.0,82.0,82.0,81.0,80.0,79.0,78.0,77.0,76.0,75.0,74.0,73.0,72.0,71.0,70.0,69.0,68.0
29.0,30.0,31.0,32.0,33.0,34.0,35.0,36.0,37.0,38.0,39.0,40.0,41.0,42.0,43.0,44.0,45.0,46.0,47.0,48.0,49.0,50.0,51.0,52.0,53.0,54.0,55.0,56.0,57.0,58.0,59.0,60.0,61.0,62.0,63.0,63.0,64.0,65.0,66.0,67.0,68.0,68.0,69.0,70.0,71.0,72.0,73.0,74.0,75.0,76.0,77.0,78.0,79.0,80.0,81.0,82.0,83.0,84.0,85.0,86.0,87.0,88.0,89.0,90.0,91.0,92.0,93.0,94.0,95.0,96.0,-6774.1,96.0,95.0,94.0,93.0,92.0,91.0,90.0,89.0,88.0,87.0,86.0,85.0,84.0,83.0,83.0,82.0,81.0,80.0,79.0,78.0,77.0,76.0,75.0,74.0,73.0,72.0,71.0,70.0,69.0
28.0,29.0,30.0,31.0,32.0,33.0,34.0,35.0,36.0,37.0,38.0,39.0,40.0,41.0,42.0,43.0,44.0,45.0,46.0,47.0,48.0,49.0,50.0,51.0,52.0,53.0,54.0,55.0,56.0,57.0,58.0,59.0,60.0,61.0,62.0,63.0,63.0,64.0,65.0,66.0,67.0,68.0,69.0,69.0,70.0,71.0,72.0,73.0,74.0,75.0,76.0,77.0,78.0,79.0,80.0,81.0,82.0,83.0,84.0,85.0,86.0,87.0,88.0,89.0,90.0,91.0,92.0,93.0,94.0,95.0,96.0,-6734.1,96.0,95.0,94.0,93.0,92.0,91.0,90.0,89.0,88.0,87.0,86.0,85.0,84.0,83.0,83.0,82.0,81.0,80.0,79.0,78.0,77.0,76.0,75.0,74.0,73.0,72.0,71.0,70.0
27.0,28.0,29.0,30.0,31.0,32.0,33.0,34.0,35.0,36.0,37.0,38.0,39.0,40.0,41.0,42.0,43.0,44.0,45.0,46.0,47.0,48.0,49.0,50.0,51.0,52.0,53.0,54.0,55.0,56.0,57.0,58.0,59.0,60.0,61.0,62.0,62.0,63.0,64.0,65.0,66.0,67.0,68.0,69.0,70.0,70.0,71.0,72.0,73.0,74.0,75.0,76.0,77.0,78.0,79.0,80.0,81.0,82.0,83.0,84.0,85.0,86.0,87.0,88.0,89.0,90.0,91.0,92.0,93.0,94.0,95.0,96.0,-6692.1,96.0,95.0,94.0,93.0,92.0,91.0,90.0,89.0,88.0,87.0,86.0,85.0,84.0,84.0,83.0,82.0,81.0,80.0,79.0,78.0,77.0,76.0,75.0,74.0,73.0,72.0,71.0
26.0,27.0,28.0,29.0,30.0,31.0,32.0,33.0,34.0,35.0,36.0,37.0,38.0,39.0,40.0,41.0,42.0,43.0,44.0,45.0,46.0,47.0,48.0,49.0,50.0,51.0,52.0,53.0,54.0,55.0,56.0,57.0,58.0,59.0,60.0,61.0,62.0,62.0,63.0,64.0,65.0,66.0,67.0,68.0,69.0,70.0,71.0,71.0,72.0,73.0,74.0,75.0,76.0,77.0,78.0,79.0,80.0,81.0,82.0,83.0,84.0,85.0,86.0,87.0,88.0,89.0,90.0,91.0,92.0,93.0,94.0,95.0,96.0,-6648.1,96.0,95.0,94.0,93.0,92.0,91.0,90.0,89.0,88.0,87.0,86.0,85.0,84.0,84.0,83.0,82.0,81.0,80.0,79.0,78.0,77.0,76.0,75.0,74.0,73.0,72.0
25.0,26.0,27.0,28.0,29.0,30.0,31.0,32.0,33.0,34.0,35.0,36.0,37.0,38.0,39.0,40.0,41.0,42.0,43.0,44.0,45.0,46.0,47.0,48.0,49.0,50.0,51.0,52.0,53.0,54.0,55.0,56.0,57.0,58.0,59.0,60.0,61.0,61.0,62.0,63.0,64.0,65.0,66.0,67.0,68.0,69.0,70.0,71.0,72.0,72.0,73.0,74.0,75.0,76.0,77.0,78.0,79.0,80.0,81.0,82.0,83.0,84.0,85.0,86.0,87.0,88.0,89.0,90.0,91.0,92.0,93.0,94.0,95.0,96.0,-6602.1,96.0,95.0,94.0,93.0,92.0,91.0,90.0,89.0,88.0,87.0,86.0,85.0,85.0,84.0,83.0,82.0,81.0,80.0,79.0,78.0,77.0,76.0,75.0,74.0,73.0
24.0,25.0,26.0,27.0,28.0,29.0,30.0,31.0,32.0,33.0,34.0,35.0,36.0,37.0,38.0,39.0,40.0,41.0,42.0,43.0,44.0,45.0,46.0,47.0,48.0,49.0,50.0,51.0,52.0,53.0,54.0,55.0,56.0,57.0,58.0,59.0,60.0,61.0,61.0,62.0,63.0,64.0,65.0,66.0,67.0,68.0,69.0,70.0,71.0,72.0,73.0,73.0,74.0,75.0,76.0,77.0,78.0,79.0,80.0,81.0,82.0,83.0,84.0,85.0,86.0,87.0,88.0,89.0,90.0,91.0,92.0,93.0,94.0,95.0,96.0,-6554.1,96.0,95.0,94.0,93.0,92.0,91.0,90.0,89.0,88.0,87.0,86.0,85.0,85.0,84.0,83.0,82.0,81.0,80.0,79.0,78.0,77.0,76.0,75.0,74.0
23.0,24.0,25.0,26.0,27.0,28.0,29.0,30.0,31.0,32.0,33.0,34.0,35.0,36.0,37.0,38.0,39.0,40.0,41.0,42.0,43.0,44.0,45.0,46.0,47.0,48.0,49.0,50.0,51.0,52.0,53.0,54.0,55.0,56.0,57.0,58.0,59.0,60.0,60.0,61.0,62.0,63.0,64.0,65.0,66.0,67.0,68.0,69.0,70.0,71.0,72.0,73.0,74.0,74.0,75.0,76.0,77.0,78.0,79.0,80.0,81.0,82.0,83.0,84.0,85.0,86.0,87.0,88.0,89.0,90.0,91.0,92.0,93.0,94.0,95.0,96.0,-6504.1,96.0,95.0,94.0,93.0,92.0,91.0,90.0,89.0,88.0,87.0,86.0,86.0,85.0,84.0,83.0,82.0,81.0,80.0,79.0,78.0,77.0,76.0,75.0
22.0,23.0,24.0,25.0,26.0,27.0,28.0,29.0,30.0,31.0,32.0,33.0,34.0,35.0,36.0,37.0,38.0,39.0,40.0,41.0,42.0,43.0,44.0,45.0,46.0,47.0,48.0,49.0,50.0,51.0,52.0,53.0,54.0,55.0,56.0,57.0,58.0,59.0,60.0,60.0,61.0,62.0,63.0,64.0,65.0,66.0,67.0,68.0,69.0,70.0,71.0,72.0,73.0,74.0,75.0,75.0,76.0,77.0,78.0,79.0,80.0,81.0,82.0,83.0,84.0,85.0,86.0,87.0,88.0,89.0,90.0,91.0,92.0,93.0,94.0,95.0,96.0,-6452.1,96.0,95.0,94.0,93.0,92.0,91.0,90.0,89.0,88.0,87.0,86.0,86.0,85.0,84.0,83.0,82.0,81.0,80.0,79.0,78.0,77.0,76.0
21.0,22.0,23.0,24.0,25.0,26.0,27.0,28.0,29.0,30.0,31.0,32.0,33.0,34.0,35.0,36.0,37.0,38.0,39.0,40.0,41.0,42.0,43.0,44.0,45.0,46.0,47.0,48.0,49.0,50.0,51.0,52.0,53.0,54.0,55.0,56.0,57.0,58.0,59.0,59.0,60.0,61.0,62.0,63.0,64.0,65.0,66.0,67.0,68.0,69.0,70.0,71.0,72.0,73.0,74.0,75.0,76.0,76.0,77.0,78.0,79.0,80.0,81.0,82.0,83.0,84.0,85.0,86.0,87.0,88.0,89.0,90.0,91.0,92.0,93.0,94.0,95.0,96.0,-6398.1,96.0,95.0,94.0,93.0,92.0,91.0,90.0,89.0,88.0,87.0,87.0,86.0,85.0,84.0,83.0,82.0,81.0,80.0,79.0,78.0,77.0
20.0,21.0,22.0,23.0,24.0,25.0,26.0,27.0,28.0,29.0,30.0,31.0,32.0,33.0,34.0,35.0,36.0,37.0,38.0,39.0,40.0,41.0,42.0,43.0,44.0,45.0,46.0,47.0,48.0,49.0,50.0,51.0,52.0,53.0,54.0,55.0,56.0,57.0,58.0,59.0,59.0,60.0,61.0,62.0,63.0,64.0,65.0,66.0,67.0,68.0,69.0,70.0,71.0,72.0,73.0,74.0,75.0,76.0,77.0,77.0,78.0,79.0,80.0,81.0,82.0,83.0,84.0,85.0,86.0,87.0,88.0,89.0,90.0,91.0,92.0,93.0,94.0,95.0,96.0,-6342.1,96.0,95.0,94.0,93.0,92.0,91.0,90.0,89.0,88.0,87.0,87.0,86.0,85.0,84.0,83.0,82.0,81.0,80.0,79.0,78.0
19.0,20.0,21.0,22.0,23.0,24.0,25.0,26.0,27.0,28.0,29.0,30.0,31.0,32.0,33.0,34.0,35.0,36.0,37.0,38.0,39.0,40.0,41.0,42.0,43.0,44.0,45.0,46.0,47.0,48.0,49.0,50.0,51.0,52.0,53.0,54.0,55.0,56.0,57.0,58.0,58.0,59.0,60.0,61.0,62.0,63.0,64.0,65.0,66.0,67.0,68.0,69.0,70.0,71.0,72.0,73.0,74.0,75.0,76.0,77.0,78.0,78.0,79.0,80.0,81.0,82.0,83.0,84.0,85.0,86.0,87.0,88.0,89.0,90.0,91.0,92.0,93.0,94.0,95.0,96.0,-6284.1,96.0,95.0,94.0,93.0,92.0,91.0,90.0,89.0,88.0,88.0,87.0,86.0,85.0,84.0,83.0,82.0,81.0,80.0,79.0
18.0,19.0,20.0,21.0,22.0,23.0,24.0,25.0,26.0,27.0,28.0,29.0,30.0,31.0,32.0,33.0,34.0,35.0,36.0,37.0,38.0,39.0,40.0,41.0,42.0,43.0,44.0,45.0,46.0,47.0,48.0,49.0,50.0,51.0,52.0,53.0,54.0,55.0,56.0,57.0,58.0,58.0,59.0,60.0,61.0,62.0,63.0,64.0,65.0,66.0,67.0,68.0,69.0,70.0,71.0,72.0,73.0,74.0,75.0,76.0,77.0,78.0,79.0,79.0,80.0,81.0,82.0,83.0,84.0,85.0,86.0,87.0,88.0,89.0,90.0,91.0,92.0,93.0,94.0,95.0,96.0,-6224.1,96.0,95.0,94.0,93.0,92.0,91.0,90.0,89.0,88.0,88.0,87.0,86.0,85.0,84.0,83.0,82.0,81.0,80.0
17.0,18.0,19.0,20.0,21.0,22.0,23.0,24.0,25.0,26.0,27.0,28.0,29.0,30.0,31.0,32.0,33.0,34.0,35.0,36.0,37.0,38.0,39.0,40.0,41.0,42.0,43.0,44.0,45.0,46.0,47.0,48.0,49.0,50.0,51.0,52.0,53.0,54.0,55.0,56.0,57.0,57.0,58.0,59.0,60.0,61.0,62.0,63.0,64.0,65.0,66.0,67.0,68.0,69.0,70.0,71.0,72.0,73.0,74.0,75.0,76.0,77.0,78.0,79.0,80.0,80.0,81.0,82.0,83.0,84.0,85.0,86.0,87.0,88.0,89.0,90.0,91.0,92.0,93.0,94.0,95.0,96.0,-6162.1,96.0,95.0,94.0,93.0,92.0,91.0,90.0,89.0,89.0,88.0,87.0,86.0,85.0,84.0,83.0,82.0,81.0
16.0,17.0,18.0,19.0,20.0,21.0,22.0,23.0,24.0,25.0,26.0,27.0,28.0,29.0,30.0,31.0,32.0,33.0,34.0,35.0,36.0,37.0,38.0,39.0,40.0,41.0,42.0,43.0,44.0,45.0,46.0,47.0,48.0,49.0,50.0,51.0,52.0,53.0,54.0,55.0,56.0,57.0,57.0,58.0,59.0,60.0,61.0,62.0,63.0,64.0,65.0,66.0,67.0,68.0,69.0,70.0,71.0,72.0,73.0,74.0,75.0,76.0,77.0,78.0,79.0,80.0,81.0,81.0,82.0,83.0,84.0,85.0,86.0,87.0,88.0,89.0,90.0,91.0,92.0,93.0,94.0,95.0,96.0,-6098.1,96.0,95.0,94.0,93.0,92.0,91.0,90.0,89.0,89.0,88.0,87.0,86.0,85.0,84.0,83.0,82.0
15.0,16.0,17.0,18.0,19.0,20.0,21.0,22.0,23.0,24.0,25.0,26.0,27.0,28.0,29.0,30.0,31.0,32.0,33.0,34.0,35.0,36.0,37.0,38.0,39.0,40.0,41.0,42.0,43.0,44.0,45.0,46.0,47.0,48.0,49.0,50.0,51.0,52.0,53.0,54.0,55.0,56.0,56.0,57.0,58.0,59.0,60.0,61.0,62.0,63.0,64.0,65.0,66.0,67.0,68.0,69.0,70.0,71.0,72.0,73.0,74.0,75.0,76.0,77.0,78.0,79.0,80.0,81.0,82.0,82.0,83.0,84.0,85.0,86.0,87.0,88.0,89.0,90.0,91.0,92.0,93.0,94.0,95.0,96.0,-6032.1,96.0,95.0,94.0,93.0,92.0,91.0,90.0,90.0,89.0,88.0,87.0,86.0,85.0,84.0,83.0
14.0,15.0,16.0,17.0,18.0,19.0,20.0,21.0,22.0,23.0,24.0,25.0,26.0,27.0,28.0,29.0,30.0,31.0,32.0,33.0,34.0,35.0,36.0,37.0,38.0,39.0,40.0,41.0,42.0,43.0,44.0,45.0,46.0,47.0,48.0,49.0,50.0,51.0,52.0,53.0,54.0,55.0,56.0,56.0,57.0,58.0,59.0,60.0,61.0,62.0,63.0,64.0,65.0,66.0,67.0,68.0,69.0,70.0,71.0,72.0,73.0,74.0,75.0,76.0,77.0,78.0,79.0,80.0,81.0,82.0,83.0,83.0,84.0,85.0,86.0,87.0,88.0,89.0,90.0,91.0,92.0,93.0,94.0,95.0,96.0,-5964.1,96.0,95.0,94.0,93.0,92.0,91.0,90.0,90.0,89.0,88.0,87.0,86.0,85.0,84.0
13.0,14.0,15.0,16.0,17.0,18.0,19.0,20.0,21.0,22.0,23.0,24.0,25.0,26.0,27.0,28.0,29.0,30.0,31.0,32.0,33.0,34.0,35.0,36.0,37.0,38.0,39.0,40.0,41.0,42.0,43.0,44.0,45.0,46.0,47.0,48.0,49.0,50.0,51.0,52.0,53.0,54.0,55.0,55.0,56.0,57.0,58.0,59.0,60.0,61.0,62.0,63.0,64.0,65.0,66.0,67.0,68.0,69.0,70.0,71.0,72.0,73.0,74.0,75.0,76.0,77.0,78.0,79.0,80.0,81.0,82.0,83.0,84.0,84.0,85.0,86.0,87.0,88.0,89.0,90.0,91.0,92.0,93.0,94.0,95.0,96.0,-5894.1,96.0,95.0,94.0,93.0,92.0,91.0,91.0,90.0,89.0,88.0,87.0,86.0,85.0
12.0,13.0,14.0,15.0,16.0,17.0,18.0,19.0,20.0,21.0,22.0,23.0,24.0,25.0,26.0,27.0,28.0,29.0,30.0,31.0,32.0,33.0,34.0,35.0,36.0,37.0,38.0,39.0,40.0,41.0,42.0,43.0,44.0,45.0,46.0,47.0,48.0,49.0,50.0,51.0,52.0,53.0,54.0,55.0,55.0,56.0,57.0,58.0,59.0,60.0,61.0,62.0,63.0,64.0,65.0,66.0,67.0,68.0,69.0,70.0,71.0,72.0,73.0,74.0,75.0,76.0,77.0,78.0,79.0,80.0,81.0,82.0,83.0,84.0,85.0,85.0,86.0,87.0,88.0,89.0,90.0,91.0,92.0,93.0,94.0,95.0,96.0,-5822.1,96.0,95.0,94.0,93.0,92.0,91.0,91.0,90.0,89.0,88.0,87.0,86.0
11.0,12.0,13.0,14.0,15.0,16.0,17.0,18.0,19.0,20.0,21.0,22.0,23.0,24.0,25.0,26.0,27.0,28.0,29.0,30.0,31.0,32.0,33.0,34.0,35.0,36.0,37.0,38.0,39.0,40.0,41.0,42.0,43.0,44.0,45.0,46.0,47.0,48.0,49.0,50.0,51.0,52.0,53.0,54.0,54.0,55.0,56.0,57.0,58.0,59.0,60.0,61.0,62.0,63.0,64.0,65.0,66.0,67.0,68.0,69.0,70.0,71.0,72.0,73.0,74.0,75.0,76.0,77.0,78.0,79.0,80.0,81.0,82.0,83.0,84.0,85.0,86.0,86.0,87.0,88.0,89.0,90.0,91.0,92.0,93.0,94.0,95.0,96.0,-5748.1,96.0,95.0,94.0,93.0,92.0,92.0,91.0,90.0,89.0,88.0,87.0
10.0,11.0,12.0,13.0,14.0,15.0,16.0,17.0,18.0,19.0,20.0,21.0,22.0,23.0,24.0,25.0,26.0,27.0,28.0,29.0,30.0,31.0,32.0,33.0,34.0,35.0,36.0,37.0,38.0,39.0,40.0,41.0,42.0,43.0,44.0,45.0,46.0,47.0,48.0,49.0,50.0,51.0,52.0,53.0,54.0,54.0,55.0,56.0,57.0,58.0,59.0,60.0,61.0,62.0,63.0,64.0,65.0,66.0,67.0,68.0,69.0,70.0,71.0,72.0,73.0,74.0,75.0,76.0,77.0,78.0,79.0,80.0,81.0,82.0,83.0,84.0,85.0,86.0,87.0,87.0,88.0,89.0,90.0,91.0,92.0,93.0,94.0,95.0,96.0,-5672.1,96.0,95.0,94.0,93.0,92.0,92.0,91.0,90.0,89.0,88.0
9.0,10.0,11.0,12.0,13.0,14.0,15.0,16.0,17.0,18.0,19.0,20.0,21.0,22.0,23.0,24.0,25.0,26.0,27.0,28.0,29.0,30.0,31.0,32.0,33.0,34.0,35.0,36.0,37.0,38.0,39.0,40.0,41.0,42.0,43.0,44.0,45.0,46.0,47.0,48.0,49.0,50.0,51.0,52.0,53.0,53.0,54.0,55.0,56.0,57.0,58.0,59.0,60.0,61.0,62.0,63.0,64.0,65.0,66.0,67.0,68.0,69.0,70.0,71.0,72.0,73.0,74.0,75.0,76.0,77.0,78.0,79.0,80.0,81.0,82.0,83.0,84.0,85.0,86.0,87.0,88.0,88.0,89.0,90.0,91.0,92.0,93.0,94.0,95.0,96.0,-5594.1,96.0,95.0,94.0,93.0,93.0,92.0,91.0,90.0,89.0
8.0,9.0,10.0,11.0,12.0,13.0,14.0,15.0,16.0,17.0,18.0,19.0,20.0,21.0,22.0,23.0,24.0,25.0,26.0,27.0,28.0,29.0,30.0,31.0,32.0,33.0,34.0,35.0,36.0,37.0,38.0,39.0,40.0,41.0,42.0,43.0,44.0,45.0,46.0,47.0,48.0,49.0,50.0,51.0,52.0,53.0,53.0,54.0,55.0,56.0,57.0,58.0,59.0,60.0,61.0,62.0,63.0,64.0,65.0,66.0,67.0,68.0,69.0,70.0,71.0,72.0,73.0,74.0,75.0,76.0,77.0,78.0,79.0,80.0,81.0,82.0,83.0,84.0,85.0,86.0,87.0,88.0,89.0,89.0,90.0,91.0,92.0,93.0,94.0,95.0,96.0,-5514.1,96.0,95.0,94.0,93.0,93.0,92.0,91.0,90.0
7.0,8.0,9.0,10.0,11.0,12.0,13.0,14.0,15.0,16.0,17.0,18.0,19.0,20.0,21.0,22.0,23.0,24.0,25.0,26.0,27.0,28.0,29.0,30.0,31.0,32.0,33.0,34.0,35.0,36.0,37.0,38.0,39.0,40.0,41.0,42.0,43.0,44.0,45.0,46.0,47.0,48.0,49.0,50.0,51.0,52.0,52.0,53.0,54.0,55.0,56.0,57.0,58.0,59.0,60.0,61.0,62.0,63.0,64.0,65.0,66.0,67.0,68.0,69.0,70.0,71.0,72.0,73.0,74.0,75.0,76.0,77.0,78.0,79.0,80.0,81.0,82.0,83.0,84.0,85.0,86.0,87.0,88.0,89.0,90.0,90.0,91.0,92.0,93.0,94.0,95.0,96.0,-5432.1,96.0,95.0,94.0,94.0,93.0,92.0,91.0
6.0,7.0,8.0,9.0,10.0,11.0,12.0,13.0,14.0,15.0,16.0,17.0,18.0,19.0,20.0,21.0,22.0,23.0,24.0,25.0,26.0,27.0,28.0,29.0,30.0,31.0,32.0,33.0,34.0,35.0,36.0,37.0,38.0,39.0,40.0,41.0,42.0,43.0,44.0,45.0,46.0,47.0,48.0,49.0,50.0,51.0,52.0,52.0,53.0,54.0,55.0,56.0,57.0,58.0,59.0,60.0,61.0,62.0,63.0,64.0,65.0,66.0,67.0,68.0,69.0,70.0,71.0,72.0,73.0,74.0,75.0,76.0,77.0,78.0,79.0,80.0,81.0,82.0,83.0,84.0,85.0,86.0,87.0,88.0,89.0,90.0,91.0,91.0,92.0,93.0,94.0,95.0,96.0,-5348.1,96.0,95.0,94.0,94.0,93.0,92.0
5.0,6.0,7.0,8.0,9.0,10.0,11.0,12.0,13.0,14.0,15.0,16.0,17.0,18.0,19.0,20.0,21.0,22.0,23.0,24.0,25.0,26.0,27.0,28.0,29.0,30.0,31.0,32.0,33.0,34.0,35.0,36.0,37.0,38.0,39.0,40.0,41.0,42.0,43.0,44.0,45.0,46.0,47.0,48.0,49.0,50.0,51.0,51.0,52.0,53.0,54.0,55.0,56.0,57.0,58.0,59.0,60.0,61.0,62.0,63.0,64.0,65.0,66.0,67.0,68.0,69.0,70.0,71.0,72.0,73.0,74.0,75.0,76.0,77.0,78.0,79.0,80.0,81.0,82.0,83.0,84.0,85.0,86.0,87.0,88.0,89.0,90.0,91.0,92.0,92.0,93.0,94.0,95.0,96.0,-5262.1,96.0,95.0,95.0,94.0,93.0
4.0,5.0,6.0,7.0,8.0,9.0,10.0,11.0,12.0,13.0,14.0,15.0,16.0,17.0,18.0,19.0,20.0,21.0,22.0,23.0,24.0,25.0,26.0,27.0,28.0,29.0,30.0,31.0,32.0,33.0,34.0,35.0,36.0,37.0,38.0,39.0,40.0,41.0,42.0,43.0,44.0,45.0,46.0,47.0,48.0,49.0,50.0,51.0,51.0,52.0,53.0,54.0,55.0,56.0,57.0,58.0,59.0,60.0,61.0,62.0,63.0,64.0,65.0,66.0,67.0,68.0,69.0,70.0,71.0,72.0,73.0,74.0,75.0,76.0,77.0,78.0,79.0,80.0,81.0,82.0,83.0,84.0,85.0,86.0,87.0,88.0,89.0,90.0,91.0,92.0,93.0,93.0,94.0,95.0,96.0,-5174.1,96.0,95.0,95.0,94.0
3.0,4.0,5.0,6.0,7.0,8.0,9.0,10.0,11.0,12.0,13.0,14.0,15.0,16.0,17.0,18.0,19.0,20.0,21.0,22.0,23.0,24.0,25.0,26.0,27.0,28.0,29.0,30.0,31.0,32.0,33.0,34.0,35.0,36.0,37.0,38.0,39.0,40.0,41.0,42.0,43.0,44.0,45.0,46.0,47.0,48.0,49.0,50.0,50.0,51.0,52.0,53.0,54.0,55.0,56.0,57.0,58.0,59.0,60.0,61.0,62.0,63.0,64.0,65.0,66.0,67.0,68.0,69.0,70.0,71.0,72.0,73.0,74.0,75.0,76.0,77.0,78.0,79.0,80.0,81.0,82.0,83.0,84.0,85.0,86.0,87.0,88.0,89.0,90.0,91.0,92.0,93.0,94.0,94.0,95.0,96.0,-5084.1,96.0,96.0,95.0
2.0,3.0,4.0,5.0,6.0,7.0,8.0,9.0,10.0,11.0,12.0,13.0,14.0,15.0,16.0,17.0,18.0,19.0,20.0,21.0,22.0,23.0,24.0,25.0,26.0,27.0,28.0,29.0,30.0,31.0,32.0,33.0,34.0,35.0,36.0,37.0,38.0,39.0,40.0,41.0,42.0,43.0,44.0,45.0,46.0,47.0,48.0,49.0,50.0,50.0,51.0,52.0,53.0,54.0,55.0,56.0,57.0,58.0,59.0,60.0,61.0,62.0,63.0,64.0,65.0,66.0,67.0,68.0,69.0,70.0,71.0,72.0,73.0,74.0,75.0,76.0,77.0,78.0,79.0,80.0,81.0,82.0,83.0,84.0,85.0,86.0,87.0,88.0,89.0,90.0,91.0,92.0,93.0,94.0,95.0,95.0,96.0,-4992.1,96.0,96.0
1.0,2.0,3.0,4.0,5.0,6.0,7.0,8.0,9.0,10.0,11.0,12.0,13.0,14.0,15.0,16.0,17.0,18.0,19.0,20.0,21.0,22.0,23.0,24.0,25.0,26.0,27.0,28.0,29.0,30.0,31.0,32.0,33.0,34.0,35.0,36.0,37.0,38.0,39.0,40.0,41.0,42.0,43.0,44.0,45.0,46.0,47.0,48.0,49.0,49.0,50.0,51.0,52.0,53.0,54.0,55.0,56.0,57.0,58.0,59.0,60.0,61.0,62.0,63.0,64.0,65.0,66.0,67.0,68.0,69.0,70.0,71.0,72.0,73.0,74.0,75.0,76.0,77.0,78.0,79.0,80.0,81.0,82.0,83.0,84.0,85.0,86.0,87.0,88.0,89.0,90.0,91.0,92.0,93.0,94.0,95.0,96.0,96.0,-4898.1,97.0
0.0,1.0,2.0,3.0,4.0,5.0,6.0,7.0,8.0,9.0,10.0,11.0,12.0,13.0,14.0,15.0,16.0,17.0,18.0,19.0,20.0,21.0,22.0,23.0,24.0,25.0,26.0,27.0,28.0,29.0,30.0,31.0,32.0,33.0,34.0,35.0,36.0,37.0,38.0,39.0,40.0,41.0,42.0,43.0,44.0,45.0,46.0,47.0,48.0,49.0,49.0,50.0,51.0,52.0,53.0,54.0,55.0,56.0,57.0,58.0,59.0,60.0,61.0,62.0,63.0,64.0,65.0,66.0,67.0,68.0,69.0,70.0,71.0,72.0,73.0,74.0,75.0,76.0,77.0,78.0,79.0,80.0,81.0,82.0,83.0,84.0,85.0,86.0,87.0,88.0,89.0,90.0,91.0,92.0,93.0,94.0,95.0,96.0,97.0,-4802.1
